,auc,tn,fp,fn,tp,acc,mcc,precision,recall,specificity,sensitivity,f1,prauc,av_prc,macro_f1,kappa,rmse,mae,pcc
xgboost,0.8614147009513142,0.0,0.0,0.0,0.0,0.0,0.0,0.0,0.0,0.0,0.0,0.0,0.35518443272278855,0.0,0.0,0.0,0.9588664981278269,0.7291367302649303,0.6775673758936865
