,auc,tn,fp,fn,tp,acc,mcc,precision,recall,specificity,sensitivity,f1,prauc,av_prc,macro_f1,kappa,rmse,mae,pcc
xgboost,0.8643502858225718,0.0,0.0,0.0,0.0,0.0,0.0,0.0,0.0,0.0,0.0,0.0,0.33947683541326523,0.0,0.0,0.0,0.9801849359223891,0.7557589572222504,0.6381497332879961
