,auc,tn,fp,fn,tp,acc,mcc,precision,recall,specificity,sensitivity,f1,prauc,av_prc,macro_f1,kappa,rmse,mae,pcc
randomforrest,0.9998982109230394,608,3,0,611,0.997545008183306,0.99510201136834,0.995114006514658,1.0,0.9950900163666121,1.0,0.9975510204081632,0.9998967024140227,0.9998967882135615,0.0,0.0,0.0,0.0,0.0
