,auc,tn,fp,fn,tp,acc,mcc,precision,recall,specificity,sensitivity,f1,prauc,av_prc,macro_f1,kappa,rmse,mae,pcc
randomforrest,0.9997589206071986,603,8,1,610,0.9926350245499181,0.9853347159488366,0.9870550161812298,0.9983633387888707,0.9869067103109657,0.9983633387888707,0.9926769731489016,0.9997501967962212,0.9997504089076096,0.0,0.0,0.0,0.0,0.0
