,auc,tn,fp,fn,tp,acc,mcc,precision,recall,specificity,sensitivity,f1,prauc,av_prc,macro_f1,kappa,rmse,mae,pcc
xgboost,0.9999999283364601,0.0,0.0,0.0,0.0,0.9989379163850536,0.0,0.9996066931382842,0.999700828862053,0.0,0.0,0.0,0.9999959689630323,0.0,0.9996535896043388,0.998739585772986,0.0,0.0,0.0
