,auc,tn,fp,fn,tp,acc,mcc,precision,recall,specificity,sensitivity,f1,prauc,av_prc,macro_f1,kappa,rmse,mae,pcc
randomforrest,0.9999785707206399,604,7,0,611,0.9942716857610474,0.9886082532111251,0.988673139158576,1.0,0.9885433715220949,1.0,0.9943043124491455,0.9999784646636491,0.9999784823741327,0.0,0.0,0.0,0.0,0.0
