,auc,tn,fp,fn,tp,acc,mcc,precision,recall,specificity,sensitivity,f1,prauc,av_prc,macro_f1,kappa,rmse,mae,pcc
randomforrest,0.9980713648575891,600,11,18,593,0.9762684124386252,0.9525993433259518,0.9817880794701986,0.9705400981996727,0.9819967266775778,0.9705400981996727,0.9761316872427983,0.9982190985900459,0.9982204561522581,0.0,0.0,0.0,0.0,0.0
