,auc,tn,fp,fn,tp,acc,mcc,precision,recall,specificity,sensitivity,f1,prauc,av_prc,macro_f1,kappa,rmse,mae,pcc
xgboost,0.8693243488936482,0.0,0.0,0.0,0.0,0.0,0.0,0.0,0.0,0.0,0.0,0.0,0.3515110332076254,0.0,0.0,0.0,0.9415456453881298,0.7215972491643243,0.6690174836735758
