,auc,tn,fp,fn,tp,acc,mcc,precision,recall,specificity,sensitivity,f1,prauc,av_prc,macro_f1,kappa,rmse,mae,pcc
randomforrest,0.9994214094572768,603,8,7,604,0.9877250409165302,0.9754513882852043,0.9869281045751634,0.9885433715220949,0.9869067103109657,0.9885433715220949,0.9877350776778414,0.9994270236784436,0.9994274888384459,0.0,0.0,0.0,0.0,0.0
