,auc,tn,fp,fn,tp,acc,mcc,precision,recall,specificity,sensitivity,f1,prauc,av_prc,macro_f1,kappa,rmse,mae,pcc
randomforrest,0.9987115645784728,602,9,4,607,0.9893617021276596,0.9787561767407693,0.9853896103896104,0.9934533551554828,0.9852700490998363,0.9934533551554828,0.9894050529747351,0.9986254769275376,0.9986266814634563,0.0,0.0,0.0,0.0,0.0
