,auc,tn,fp,fn,tp,acc,mcc,precision,recall,specificity,sensitivity,f1,prauc,av_prc,macro_f1,kappa,rmse,mae,pcc
randomforrest,0.9997133833885584,606,5,5,606,0.9918166939443536,0.983633387888707,0.9918166939443536,0.9918166939443536,0.9918166939443536,0.9918166939443536,0.9918166939443536,0.9997091633839437,0.9997094050065078,0.0,0.0,0.0,0.0,0.0
